<?xml version="1.0" encoding="UTF-8"?>
<gml spec="1.0">
    <tag>
        <header>
            <client>
                <username>GML4U</username>
                <keywords>GML4U,Processing</keywords>
                <name>GML4U</name>
                <filename>GML4U_bf692efc-478b-47d1-941e-ed5e617f627d.gml</filename>
                <version>0.1.5</version>
            </client>
            <environment>
                <screenBounds>
                    <x>1440.0</x>
                    <y>900.0</y>
                    <z>110.0</z>
                </screenBounds>
                <up>
                    <x>0.0</x>
                    <y>-1.0</y>
                    <z>0.0</z>
                </up>
                <screenScale>1440</screenScale>
            </environment>
        </header>
        <drawing/>
    </tag>
</gml>
